{
    "total_runtime": 48.09939098358154,
    "num_documents": 1,
    "update_documents": 0,
    "input_load_time": 0,
    "workflows": {
        "load_input_documents": {
            "overall": 0.028006792068481445
        },
        "create_base_text_units": {
            "overall": 0.0251009464263916
        },
        "create_final_documents": {
            "overall": 0.013278961181640625
        },
        "extract_graph": {
            "overall": 16.916600942611694
        },
        "finalize_graph": {
            "overall": 0.01718282699584961
        },
        "extract_covariates": {
            "overall": 0.0002307891845703125
        },
        "create_communities": {
            "overall": 0.020934343338012695
        },
        "create_final_text_units": {
            "overall": 0.013450145721435547
        },
        "create_community_reports": {
            "overall": 29.291235208511353
        },
        "generate_text_embeddings": {
            "overall": 1.7719230651855469
        }
    }
}